"x","y","text"
1,-0.442457647456986,"Text entry 1"
2,-0.691506629250997,"Text entry 2"
3,-0.749355516132177,"Text entry 3"
4,-0.460763611590748,"Text entry 4"
5,0.431280346564172,"Text entry 5"
6,0.808909128392271,"Text entry 6"
7,-1.28029198888341,"Text entry 7"
8,0.132254210489862,"Text entry 8"
9,-0.641788710360588,"Text entry 9"
10,-0.721842061670307,"Text entry 10"
11,-2.74588560312834,"Text entry 11"
12,-0.00466093416543829,"Text entry 12"
13,-0.198349985636411,"Text entry 13"
14,1.03058926437833,"Text entry 14"
15,-0.72280832633559,"Text entry 15"
16,-0.321244959120868,"Text entry 16"
17,-1.14327847034099,"Text entry 17"
18,0.305090209574469,"Text entry 18"
19,-0.497215115893045,"Text entry 19"
20,-0.325378401620777,"Text entry 20"
21,-1.14508592603831,"Text entry 21"
22,-0.804724013515236,"Text entry 22"
23,-0.0509958847441255,"Text entry 23"
24,-0.830639358353848,"Text entry 24"
25,0.387978246284355,"Text entry 25"
26,-0.304075944704547,"Text entry 26"
27,0.769099684651853,"Text entry 27"
28,0.0862994676967016,"Text entry 28"
29,-0.501997732254397,"Text entry 29"
30,1.72305642204438,"Text entry 30"
31,-0.432651609495267,"Text entry 31"
32,0.802628270311537,"Text entry 32"
33,1.24095992109445,"Text entry 33"
34,-1.01516914266979,"Text entry 34"
35,0.353068029017056,"Text entry 35"
36,-0.86152558783375,"Text entry 36"
37,0.368216953956437,"Text entry 37"
38,0.224347938050613,"Text entry 38"
39,1.10019119560649,"Text entry 39"
40,0.0945432558050694,"Text entry 40"
41,2.07282747931101,"Text entry 41"
42,0.516842387022689,"Text entry 42"
43,-0.874070037453318,"Text entry 43"
44,-0.346675147019871,"Text entry 44"
45,2.43447866802021,"Text entry 45"
46,0.0694218665835666,"Text entry 46"
47,0.114912897946289,"Text entry 47"
48,1.38293838994065,"Text entry 48"
49,0.766637611298664,"Text entry 49"
50,0.902544418016669,"Text entry 50"
51,0.694357389861104,"Text entry 51"
52,0.691291616994943,"Text entry 52"
53,0.923494440030086,"Text entry 53"
54,-0.188374425885432,"Text entry 54"
55,-0.89679286868075,"Text entry 55"
56,1.15987957673527,"Text entry 56"
57,1.95280361015273,"Text entry 57"
58,0.971374428417018,"Text entry 58"
59,-1.10206333873785,"Text entry 59"
60,0.204808118189654,"Text entry 60"
61,0.860724592456331,"Text entry 61"
62,0.115493866603875,"Text entry 62"
63,0.637643138260551,"Text entry 63"
64,-1.56244894030403,"Text entry 64"
65,0.258046469344969,"Text entry 65"
66,-0.326317022908472,"Text entry 66"
67,0.15685144968407,"Text entry 67"
68,-0.613402522762515,"Text entry 68"
69,-0.281468929177266,"Text entry 69"
70,-1.5042668598615,"Text entry 70"
71,-1.78907991440323,"Text entry 71"
72,0.337712048630088,"Text entry 72"
73,0.582565913062937,"Text entry 73"
74,1.20326391117397,"Text entry 74"
75,0.409366223164167,"Text entry 75"
76,-0.171419295972351,"Text entry 76"
77,0.206335191126104,"Text entry 77"
78,0.443481106061904,"Text entry 78"
79,-2.61189282004789,"Text entry 79"
80,-0.332581403595183,"Text entry 80"
81,1.69989812594577,"Text entry 81"
82,2.0990975634088,"Text entry 82"
83,1.12591464464,"Text entry 83"
84,0.954472871371754,"Text entry 84"
85,1.0294280024334,"Text entry 85"
86,0.61425756289508,"Text entry 86"
87,-0.0633754451292716,"Text entry 87"
88,1.12413949650891,"Text entry 88"
89,1.0969706134483,"Text entry 89"
90,0.794901961549171,"Text entry 90"
91,0.741822203734804,"Text entry 91"
92,0.555695224928019,"Text entry 92"
93,-1.20693114677735,"Text entry 93"
94,1.30400404531684,"Text entry 94"
95,0.579572008204175,"Text entry 95"
96,0.537689413580199,"Text entry 96"
97,-0.0656448278284488,"Text entry 97"
98,0.218111482385939,"Text entry 98"
99,0.278859110369936,"Text entry 99"
100,0.164146555723506,"Text entry 100"
101,1.35552741932715,"Text entry 101"
102,-0.763274631367155,"Text entry 102"
103,-0.575372529767231,"Text entry 103"
104,-0.958309392700822,"Text entry 104"
105,-0.875155981212134,"Text entry 105"
106,0.713920261945056,"Text entry 106"
107,-1.35297079193734,"Text entry 107"
108,-0.505371199877073,"Text entry 108"
109,1.23533153536947,"Text entry 109"
110,0.555520018878967,"Text entry 110"
111,2.04002485515618,"Text entry 111"
112,-0.172008665481779,"Text entry 112"
113,1.47375387381245,"Text entry 113"
114,-0.741064966865772,"Text entry 114"
115,0.906921827266266,"Text entry 115"
116,1.35182643640025,"Text entry 116"
117,1.8244872548626,"Text entry 117"
118,1.54018782189743,"Text entry 118"
119,-1.18466544540815,"Text entry 119"
120,-0.582880775912726,"Text entry 120"
121,0.185411054877941,"Text entry 121"
122,0.891350594036088,"Text entry 122"
123,0.603695173574323,"Text entry 123"
124,0.689877542907868,"Text entry 124"
125,1.209343147334,"Text entry 125"
126,0.576554178463273,"Text entry 126"
127,-0.0591857897493399,"Text entry 127"
128,0.476325261553659,"Text entry 128"
129,0.239906596420135,"Text entry 129"
130,-1.02801605857735,"Text entry 130"
131,0.0687032257431451,"Text entry 131"
132,0.976506703555082,"Text entry 132"
133,0.990418007861221,"Text entry 133"
134,0.624088634345309,"Text entry 134"
135,0.411317019348698,"Text entry 135"
136,-0.273780010231108,"Text entry 136"
137,-0.669407323418584,"Text entry 137"
138,-1.52722291905159,"Text entry 138"
139,-0.0157984145044376,"Text entry 139"
140,-0.365807157284522,"Text entry 140"
141,-0.646965899809342,"Text entry 141"
142,0.108530494349578,"Text entry 142"
143,-0.492883118109342,"Text entry 143"
144,-0.472471744313097,"Text entry 144"
145,-0.795740806235926,"Text entry 145"
146,0.952717980855117,"Text entry 146"
147,-0.319268308407662,"Text entry 147"
148,-1.42862665952742,"Text entry 148"
149,-0.243713145978103,"Text entry 149"
150,0.0898648704835401,"Text entry 150"
151,0.727103377218101,"Text entry 151"
152,-0.346575741522574,"Text entry 152"
153,0.100949199233751,"Text entry 153"
154,-1.44523834763317,"Text entry 154"
155,-1.00603667169417,"Text entry 155"
156,-0.262840952121733,"Text entry 156"
157,0.650321621908708,"Text entry 157"
158,0.350434474980822,"Text entry 158"
159,-0.0392712126420852,"Text entry 159"
160,0.360900973293859,"Text entry 160"
161,-0.515688898076561,"Text entry 161"
162,-0.109012080951361,"Text entry 162"
163,-0.133568822260092,"Text entry 163"
164,0.419319649916673,"Text entry 164"
165,0.947881931689605,"Text entry 165"
166,0.365039802800611,"Text entry 166"
167,0.369336613575786,"Text entry 167"
168,-0.239187224823876,"Text entry 168"
169,2.78779672669866,"Text entry 169"
170,0.00346381894732698,"Text entry 170"
171,0.25114482841561,"Text entry 171"
172,-1.47654101284397,"Text entry 172"
173,-1.58401256711824,"Text entry 173"
174,-0.26874528458522,"Text entry 174"
175,-1.46530146040474,"Text entry 175"
176,-0.128109964695135,"Text entry 176"
177,0.178003065105051,"Text entry 177"
178,0.0482043156151563,"Text entry 178"
179,0.800150566317895,"Text entry 179"
180,0.102687354294022,"Text entry 180"
181,1.04476383456478,"Text entry 181"
182,-0.114199199570104,"Text entry 182"
183,0.80293752416147,"Text entry 183"
184,0.770570132105572,"Text entry 184"
185,0.490040335134275,"Text entry 185"
186,0.492129397501348,"Text entry 186"
187,-1.35022695845791,"Text entry 187"
188,-0.588788553612317,"Text entry 188"
189,2.25092230855921,"Text entry 189"
190,-1.93320212320038,"Text entry 190"
191,-1.32961157586468,"Text entry 191"
192,0.113744662300527,"Text entry 192"
193,-1.29761920269289,"Text entry 193"
194,-1.01070312430293,"Text entry 194"
195,-1.44236637215282,"Text entry 195"
196,-0.16441264750986,"Text entry 196"
197,-1.13465853956632,"Text entry 197"
198,0.816257322989742,"Text entry 198"
199,-1.74966909676001,"Text entry 199"
200,0.120928233150164,"Text entry 200"
201,-1.27235056713173,"Text entry 201"
202,0.0442331484908328,"Text entry 202"
203,-0.238895307157343,"Text entry 203"
204,1.75355883840404,"Text entry 204"
205,-0.328515719311741,"Text entry 205"
206,-0.473012158532807,"Text entry 206"
207,-0.673677761072943,"Text entry 207"
208,-0.815234224648574,"Text entry 208"
209,0.485387960899914,"Text entry 209"
210,-0.41069847897909,"Text entry 210"
211,-1.28527050232364,"Text entry 211"
212,0.850490610942468,"Text entry 212"
213,-0.82742460917998,"Text entry 213"
214,-0.664877624467316,"Text entry 214"
215,-0.0687379221997688,"Text entry 215"
216,1.5285515338277,"Text entry 216"
217,-0.706186885983824,"Text entry 217"
218,-2.09303534524093,"Text entry 218"
219,-0.0894470546538028,"Text entry 219"
220,0.69873015055895,"Text entry 220"
221,-0.811902688750182,"Text entry 221"
222,1.50451154257204,"Text entry 222"
223,-0.350449913036152,"Text entry 223"
224,0.978108194380719,"Text entry 224"
225,-1.27364434326558,"Text entry 225"
226,0.88455197933375,"Text entry 226"
227,0.116468447093307,"Text entry 227"
228,0.854607638904973,"Text entry 228"
229,-1.55255375616252,"Text entry 229"
230,0.0767924084682591,"Text entry 230"
231,-2.53298926288401,"Text entry 231"
232,-2.31028201241574,"Text entry 232"
233,-1.27442101184177,"Text entry 233"
234,1.35143089880272,"Text entry 234"
235,-0.0513074167545604,"Text entry 235"
236,-0.970215839535005,"Text entry 236"
237,0.323059101166964,"Text entry 237"
238,-0.246287732394978,"Text entry 238"
239,0.685403354195707,"Text entry 239"
240,-1.36948328379669,"Text entry 240"
241,-1.00334863073663,"Text entry 241"
242,0.117043187545371,"Text entry 242"
243,-0.659280976628655,"Text entry 243"
244,-0.451049202106901,"Text entry 244"
245,0.051113256299356,"Text entry 245"
246,-0.544485439645052,"Text entry 246"
247,0.163326600695157,"Text entry 247"
248,1.05676015833153,"Text entry 248"
249,0.566133820419957,"Text entry 249"
250,-0.822664046734581,"Text entry 250"
251,-0.888696274490054,"Text entry 251"
252,1.20587621310013,"Text entry 252"
253,-1.73379731411699,"Text entry 253"
254,0.289208618203079,"Text entry 254"
255,0.674004531456401,"Text entry 255"
256,1.56021793924147,"Text entry 256"
257,-2.09882287345617,"Text entry 257"
258,-0.308137101158477,"Text entry 258"
259,-0.094085321495409,"Text entry 259"
260,1.20256501869984,"Text entry 260"
261,-0.372060471040441,"Text entry 261"
262,-0.489410644697496,"Text entry 262"
263,-0.215737718339176,"Text entry 263"
264,-0.697545280497211,"Text entry 264"
265,0.0615232340467396,"Text entry 265"
266,0.327916348838322,"Text entry 266"
267,1.03573351031546,"Text entry 267"
268,-0.802632723778393,"Text entry 268"
269,-0.558177387694286,"Text entry 269"
270,1.52117488412981,"Text entry 270"
271,1.25628521058393,"Text entry 271"
272,-0.70953490102408,"Text entry 272"
273,0.254331307132631,"Text entry 273"
274,-0.129210879319666,"Text entry 274"
275,0.288117451591133,"Text entry 275"
276,-2.16066114823107,"Text entry 276"
277,-0.766019670949438,"Text entry 277"
278,-0.337507605903028,"Text entry 278"
279,1.52989675263877,"Text entry 279"
280,-0.0508200070461076,"Text entry 280"
281,-0.295507618563489,"Text entry 281"
282,-1.34215133793909,"Text entry 282"
283,-0.503055139303893,"Text entry 283"
284,-0.237144221028316,"Text entry 284"
285,1.61916182559315,"Text entry 285"
286,0.80777184772084,"Text entry 286"
287,-1.18538333321648,"Text entry 287"
288,2.67020833059889,"Text entry 288"
289,0.622975034897533,"Text entry 289"
290,-1.4532996685807,"Text entry 290"
291,0.479127267664709,"Text entry 291"
292,-0.663032354795471,"Text entry 292"
293,-0.154350225732569,"Text entry 293"
294,0.195911901287098,"Text entry 294"
295,-1.27760201892975,"Text entry 295"
296,1.1409488675629,"Text entry 296"
297,0.829998990542553,"Text entry 297"
298,-0.440970775718763,"Text entry 298"
299,-0.350906104949859,"Text entry 299"
300,0.259885627143837,"Text entry 300"
301,0.912040120466221,"Text entry 301"
302,-1.93092053661307,"Text entry 302"
303,0.89729437980984,"Text entry 303"
304,-0.371714121100646,"Text entry 304"
305,0.28328436117365,"Text entry 305"
306,-0.548682355662685,"Text entry 306"
307,1.44079244390431,"Text entry 307"
308,1.46190587847851,"Text entry 308"
309,-0.348122392640871,"Text entry 309"
310,-1.16201495144,"Text entry 310"
311,0.109690317818078,"Text entry 311"
312,-0.0108288865495648,"Text entry 312"
313,0.0652196838614196,"Text entry 313"
314,0.325053329573817,"Text entry 314"
315,0.743614564077577,"Text entry 315"
316,-0.965820254573224,"Text entry 316"
317,0.859082620156117,"Text entry 317"
318,0.149825831499057,"Text entry 318"
319,1.07231638359646,"Text entry 319"
320,0.568486552154282,"Text entry 320"
321,0.668419486796961,"Text entry 321"
322,-0.218950412425798,"Text entry 322"
323,-0.476258706903176,"Text entry 323"
324,-0.815668291716808,"Text entry 324"
325,0.22329738273497,"Text entry 325"
326,1.12135215891078,"Text entry 326"
327,-0.763962460857879,"Text entry 327"
328,0.113198335557644,"Text entry 328"
329,-0.105819581591703,"Text entry 329"
330,-1.3872808777709,"Text entry 330"
331,0.92362433824407,"Text entry 331"
332,-0.151325813014843,"Text entry 332"
333,-0.0935356016435027,"Text entry 333"
334,1.20413412581692,"Text entry 334"
335,-1.67204809874347,"Text entry 335"
336,-0.105936942078235,"Text entry 336"
337,0.423595418734292,"Text entry 337"
338,-2.06288346516347,"Text entry 338"
339,0.739763822558625,"Text entry 339"
340,0.384760764815764,"Text entry 340"
341,-0.438450779011043,"Text entry 341"
342,0.195287782348325,"Text entry 342"
343,1.70398600411701,"Text entry 343"
344,0.1368357483007,"Text entry 344"
345,-0.204291578424089,"Text entry 345"
346,0.373916220178817,"Text entry 346"
347,-0.224504387392672,"Text entry 347"
348,0.00708315761544368,"Text entry 348"
349,-0.457036632804974,"Text entry 349"
350,-0.640619978664678,"Text entry 350"
351,0.730221709813535,"Text entry 351"
352,-0.23944816769797,"Text entry 352"
353,-0.0888388044691198,"Text entry 353"
354,-0.873439286339435,"Text entry 354"
355,-0.0550301948191016,"Text entry 355"
356,-1.13644282198499,"Text entry 356"
357,1.04365166649942,"Text entry 357"
358,0.565624232382956,"Text entry 358"
359,0.353400185204567,"Text entry 359"
360,-0.501907024394669,"Text entry 360"
361,-0.188638058697084,"Text entry 361"
362,1.28913207681797,"Text entry 362"
363,-0.719759226941071,"Text entry 363"
364,1.594909033711,"Text entry 364"
365,-0.50322787967019,"Text entry 365"
366,-0.802536270726104,"Text entry 366"
367,1.01127138996033,"Text entry 367"
368,0.656123756161387,"Text entry 368"
369,0.18359691015528,"Text entry 369"
370,2.54113837410887,"Text entry 370"
371,-0.407540776384344,"Text entry 371"
372,0.792716548281939,"Text entry 372"
373,-1.12105649236802,"Text entry 373"
374,-1.80214780591041,"Text entry 374"
375,0.447046337423018,"Text entry 375"
376,0.945307191952748,"Text entry 376"
377,-0.877719237660593,"Text entry 377"
378,-0.214435339878656,"Text entry 378"
379,-0.340825867941682,"Text entry 379"
380,-1.1712444568298,"Text entry 380"
381,0.370660882071935,"Text entry 381"
382,-0.848186806401397,"Text entry 382"
383,0.90195158680917,"Text entry 383"
384,-0.102009913824335,"Text entry 384"
385,-0.630459693167578,"Text entry 385"
386,-0.346021534205813,"Text entry 386"
387,0.596671693221535,"Text entry 387"
388,0.281609142673402,"Text entry 388"
389,2.00060485035247,"Text entry 389"
390,1.26740317446269,"Text entry 390"
391,-0.316957031295556,"Text entry 391"
392,2.64275556080772,"Text entry 392"
393,-0.00378448137095119,"Text entry 393"
394,1.54112295190997,"Text entry 394"
395,0.418399301402711,"Text entry 395"
396,0.00105967700788064,"Text entry 396"
397,0.335112601758205,"Text entry 397"
398,0.743618723847808,"Text entry 398"
399,0.147352568358247,"Text entry 399"
400,0.583718672535269,"Text entry 400"
401,1.03632015036346,"Text entry 401"
402,-1.94840238945884,"Text entry 402"
403,-0.751976221713503,"Text entry 403"
404,-0.314466898748104,"Text entry 404"
405,-0.0153079222320241,"Text entry 405"
406,0.354531142892396,"Text entry 406"
407,-0.79462158760354,"Text entry 407"
408,-0.220031621598235,"Text entry 408"
409,-0.422233743467832,"Text entry 409"
410,0.184630516959155,"Text entry 410"
411,0.234810015765359,"Text entry 411"
412,0.583177872779383,"Text entry 412"
413,0.616507980054427,"Text entry 413"
414,-2.21185497389494,"Text entry 414"
415,1.92730317728299,"Text entry 415"
416,0.492157265129026,"Text entry 416"
417,-1.00368693099385,"Text entry 417"
418,1.01923833651868,"Text entry 418"
419,0.420652467458812,"Text entry 419"
420,-0.234126045673844,"Text entry 420"
421,-0.0766647058815882,"Text entry 421"
422,-0.00425726510669409,"Text entry 422"
423,0.883326502795062,"Text entry 423"
424,0.0237111188755749,"Text entry 424"
425,0.778387114049122,"Text entry 425"
426,0.354094532377724,"Text entry 426"
427,1.43698762390524,"Text entry 427"
428,0.852414063112203,"Text entry 428"
429,-0.631817285644486,"Text entry 429"
430,0.851504839705736,"Text entry 430"
431,-0.590533623201384,"Text entry 431"
432,-1.89596665200395,"Text entry 432"
433,-0.905599038757543,"Text entry 433"
434,-0.911992868178393,"Text entry 434"
435,0.699097313010894,"Text entry 435"
436,1.10460355549051,"Text entry 436"
437,-0.294573776755562,"Text entry 437"
438,0.860139574730274,"Text entry 438"
439,2.06280037403564,"Text entry 439"
440,-2.19276410652874,"Text entry 440"
441,0.353108865236,"Text entry 441"
442,-0.203813282500683,"Text entry 442"
443,1.98290708364254,"Text entry 443"
444,-0.210838623227238,"Text entry 444"
445,-0.755691188375231,"Text entry 445"
446,0.329220504812403,"Text entry 446"
447,1.01182578758132,"Text entry 447"
448,0.397119098341732,"Text entry 448"
449,1.10311318044823,"Text entry 449"
450,-1.05451548183987,"Text entry 450"
451,-1.39411018543149,"Text entry 451"
452,-0.450352623408369,"Text entry 452"
453,-0.991034483761948,"Text entry 453"
454,-1.41519868725902,"Text entry 454"
455,-1.28229302938105,"Text entry 455"
456,0.00840127157372447,"Text entry 456"
457,-0.0103658086299365,"Text entry 457"
458,-0.168281053327164,"Text entry 458"
459,0.2199161321714,"Text entry 459"
460,2.32569503962911,"Text entry 460"
461,1.14547609155208,"Text entry 461"
462,0.993747472280171,"Text entry 462"
463,0.174714529688301,"Text entry 463"
464,-1.09395189414312,"Text entry 464"
465,-0.916189716391207,"Text entry 465"
466,-0.250290471606561,"Text entry 466"
467,0.66169898027096,"Text entry 467"
468,0.567389219542712,"Text entry 468"
469,-1.34572078544228,"Text entry 469"
470,2.10682972097613,"Text entry 470"
471,1.96382078803937,"Text entry 471"
472,-1.47154545335023,"Text entry 472"
473,-3.43173214908529,"Text entry 473"
474,-0.216870746616099,"Text entry 474"
475,-1.342427340222,"Text entry 475"
476,1.31759964297977,"Text entry 476"
477,-0.0572518715051769,"Text entry 477"
478,-0.125828786137095,"Text entry 478"
479,0.303167748606747,"Text entry 479"
480,-1.07524292750972,"Text entry 480"
481,-1.672705781462,"Text entry 481"
482,-0.404288914659649,"Text entry 482"
483,0.287623744339904,"Text entry 483"
484,1.01143819174338,"Text entry 484"
485,1.76106665193507,"Text entry 485"
486,-0.854591571876679,"Text entry 486"
487,-0.573079543702272,"Text entry 487"
488,2.22808058897442,"Text entry 488"
489,0.435075825713597,"Text entry 489"
490,-0.925215427524769,"Text entry 490"
491,0.0287900746209566,"Text entry 491"
492,-0.447668526900116,"Text entry 492"
493,-0.327379365421648,"Text entry 493"
494,0.266487943646114,"Text entry 494"
495,1.14449876827509,"Text entry 495"
496,1.90336135129445,"Text entry 496"
497,-1.25940129007096,"Text entry 497"
498,-0.528893623612462,"Text entry 498"
499,-0.59366638242602,"Text entry 499"
500,0.367102931942628,"Text entry 500"
501,0.0462005109124997,"Text entry 501"
502,1.0072953019945,"Text entry 502"
503,0.986137211277684,"Text entry 503"
504,-0.197848246942093,"Text entry 504"
505,1.21069718236872,"Text entry 505"
506,-0.125883770146019,"Text entry 506"
507,0.0229299744297747,"Text entry 507"
508,1.39331640980561,"Text entry 508"
509,-0.929899865875182,"Text entry 509"
510,-0.333746650986226,"Text entry 510"
511,-0.798457529354129,"Text entry 511"
512,-0.74781115230569,"Text entry 512"
513,-0.456408022809096,"Text entry 513"
514,-0.112320314800432,"Text entry 514"
515,2.19718078502181,"Text entry 515"
516,-0.320208255007253,"Text entry 516"
517,0.386070536822474,"Text entry 517"
518,0.240447380141331,"Text entry 518"
519,-0.556209196527153,"Text entry 519"
520,-0.000478964469628762,"Text entry 520"
521,-1.93544066549719,"Text entry 521"
522,0.460478558077737,"Text entry 522"
523,0.197884913151431,"Text entry 523"
524,0.419104939966994,"Text entry 524"
525,0.941999742498552,"Text entry 525"
526,0.833196543914693,"Text entry 526"
527,-0.886191397655781,"Text entry 527"
528,-0.229369898668778,"Text entry 528"
529,-0.0636390212172519,"Text entry 529"
530,0.942155724030713,"Text entry 530"
531,-0.297251837065762,"Text entry 531"
532,-0.653982797515285,"Text entry 532"
533,0.0398104358216849,"Text entry 533"
534,-0.936690175667597,"Text entry 534"
535,-1.11938370863351,"Text entry 535"
536,-0.524054237507098,"Text entry 536"
537,1.37979616509195,"Text entry 537"
538,-0.790938016720266,"Text entry 538"
539,-1.49467539308071,"Text entry 539"
540,2.06947490269334,"Text entry 540"
541,0.583162611097531,"Text entry 541"
542,1.20732707707639,"Text entry 542"
543,-1.46545782815714,"Text entry 543"
544,1.01860198787761,"Text entry 544"
545,0.233736391403042,"Text entry 545"
546,-1.41405593116465,"Text entry 546"
547,0.668983720436602,"Text entry 547"
548,-1.18504342288926,"Text entry 548"
549,2.07508368787203,"Text entry 549"
550,1.84556777619383,"Text entry 550"
551,-1.09049400404839,"Text entry 551"
552,0.839529850470149,"Text entry 552"
553,-0.622879964137966,"Text entry 553"
554,0.621818459830029,"Text entry 554"
555,-0.116257736814774,"Text entry 555"
556,-0.888689843919825,"Text entry 556"
557,-1.87188844923483,"Text entry 557"
558,0.738941641895294,"Text entry 558"
559,1.50692834497434,"Text entry 559"
560,-0.587915745387546,"Text entry 560"
561,-0.579615659209073,"Text entry 561"
562,-0.575857527786503,"Text entry 562"
563,0.601598740914983,"Text entry 563"
564,1.87624131721382,"Text entry 564"
565,-0.454067973075103,"Text entry 565"
566,0.819891666902596,"Text entry 566"
567,-0.0673470700515577,"Text entry 567"
568,0.175386686516692,"Text entry 568"
569,0.036687302555924,"Text entry 569"
570,-0.0999440943757785,"Text entry 570"
571,-0.415457957264911,"Text entry 571"
572,-0.287650764754675,"Text entry 572"
573,0.517293173959791,"Text entry 573"
574,-0.362708611936944,"Text entry 574"
575,-0.908569753928544,"Text entry 575"
576,-0.536128826844982,"Text entry 576"
577,1.37236212203908,"Text entry 577"
578,0.801436763536369,"Text entry 578"
579,0.584097434487512,"Text entry 579"
580,-0.28899080447447,"Text entry 580"
581,-0.63947891091162,"Text entry 581"
582,0.919939364158547,"Text entry 582"
583,0.991570437351172,"Text entry 583"
584,-0.841369277743123,"Text entry 584"
585,-0.125260883363286,"Text entry 585"
586,-0.460711683515508,"Text entry 586"
587,0.386475697835133,"Text entry 587"
588,-0.185527793076914,"Text entry 588"
589,-1.07911585350219,"Text entry 589"
590,-0.537655653767412,"Text entry 590"
591,-1.72910072013537,"Text entry 591"
592,-1.08033048263521,"Text entry 592"
593,1.2018584044334,"Text entry 593"
594,-0.41969125660766,"Text entry 594"
595,-0.409215403272339,"Text entry 595"
596,0.38422967045578,"Text entry 596"
597,-0.0960265320930367,"Text entry 597"
598,-0.415756808937467,"Text entry 598"
599,-0.441134822946596,"Text entry 599"
600,-0.397085684983595,"Text entry 600"
601,-0.461891990571288,"Text entry 601"
602,0.0996824564608725,"Text entry 602"
603,-3.43663103704025,"Text entry 603"
604,0.0688660722369944,"Text entry 604"
605,-0.190988778242497,"Text entry 605"
606,-1.5359213067002,"Text entry 606"
607,-0.332458698263393,"Text entry 607"
608,0.594325953816428,"Text entry 608"
609,-0.313733532813384,"Text entry 609"
610,-0.741616702305065,"Text entry 610"
611,0.0382529656257408,"Text entry 611"
612,1.72106301594524,"Text entry 612"
613,0.548051516090526,"Text entry 613"
614,1.74894409594252,"Text entry 614"
615,1.02003769356697,"Text entry 615"
616,-0.301667088008723,"Text entry 616"
617,0.0381941650511266,"Text entry 617"
618,0.0571210763204049,"Text entry 618"
619,0.293702326753246,"Text entry 619"
620,-1.46400482584952,"Text entry 620"
621,0.00588790677189588,"Text entry 621"
622,0.43977268831867,"Text entry 622"
623,1.102763951457,"Text entry 623"
624,0.133109485150031,"Text entry 624"
625,-1.26191535900237,"Text entry 625"
626,-0.919851255124297,"Text entry 626"
627,1.2659150126162,"Text entry 627"
628,0.665475914437173,"Text entry 628"
629,-0.211709286344048,"Text entry 629"
630,-2.05035943397542,"Text entry 630"
631,-0.559301301865907,"Text entry 631"
632,0.944700460350286,"Text entry 632"
633,-0.381179230829657,"Text entry 633"
634,-0.138283614360025,"Text entry 634"
635,1.22646159874054,"Text entry 635"
636,0.0900073333276869,"Text entry 636"
637,0.862592463414079,"Text entry 637"
638,0.531326914684522,"Text entry 638"
639,-0.921083177321875,"Text entry 639"
640,1.39897041118521,"Text entry 640"
641,0.139275805299973,"Text entry 641"
642,1.21784935218511,"Text entry 642"
643,1.88347575913426,"Text entry 643"
644,-1.87417033479657,"Text entry 644"
645,0.76646741935189,"Text entry 645"
646,-0.523417940958971,"Text entry 646"
647,0.880883671127864,"Text entry 647"
648,0.185248845506575,"Text entry 648"
649,0.0427531324176195,"Text entry 649"
650,-0.907698887735109,"Text entry 650"
651,0.840890701472961,"Text entry 651"
652,-0.926923247550458,"Text entry 652"
653,1.59107370225434,"Text entry 653"
654,1.53263324747148,"Text entry 654"
655,0.27892727931002,"Text entry 655"
656,0.369009851839529,"Text entry 656"
657,0.318583248370326,"Text entry 657"
658,1.11840027892642,"Text entry 658"
659,-0.97739274479073,"Text entry 659"
660,0.781675203234622,"Text entry 660"
661,-0.284486859933371,"Text entry 661"
662,-0.700681780992603,"Text entry 662"
663,1.77811387886831,"Text entry 663"
664,-1.66307406424518,"Text entry 664"
665,-0.604009612256638,"Text entry 665"
666,0.552953579046453,"Text entry 666"
667,-0.231398038583969,"Text entry 667"
668,-1.49020484784034,"Text entry 668"
669,-0.951200944306139,"Text entry 669"
670,0.384795126351255,"Text entry 670"
671,2.23228117444268,"Text entry 671"
672,-1.31977653553551,"Text entry 672"
673,-0.158933181722869,"Text entry 673"
674,1.17724329938853,"Text entry 674"
675,-0.806373906076748,"Text entry 675"
676,-0.0579949304671754,"Text entry 676"
677,0.120048331345776,"Text entry 677"
678,-0.717771210798534,"Text entry 678"
679,1.66984321254753,"Text entry 679"
680,-2.39064836558302,"Text entry 680"
681,-1.22655965431791,"Text entry 681"
682,1.01491001537993,"Text entry 682"
683,-0.649162179837183,"Text entry 683"
684,-0.898673219420597,"Text entry 684"
685,1.49281857601732,"Text entry 685"
686,1.73237667253699,"Text entry 686"
687,1.11341213492103,"Text entry 687"
688,0.225256226765557,"Text entry 688"
689,0.200628885981971,"Text entry 689"
690,0.131003919035792,"Text entry 690"
691,0.581174831253978,"Text entry 691"
692,-1.57686365527563,"Text entry 692"
693,-0.479601923068445,"Text entry 693"
694,2.41462078716319,"Text entry 694"
695,0.881386575605168,"Text entry 695"
696,-0.123804153301771,"Text entry 696"
697,0.658826664793263,"Text entry 697"
698,1.69824187096584,"Text entry 698"
699,-0.152978177041758,"Text entry 699"
700,-1.42896183250927,"Text entry 700"
701,-2.79061618101835,"Text entry 701"
702,-0.39026477841326,"Text entry 702"
703,-0.478199683821682,"Text entry 703"
704,-0.0224213517571596,"Text entry 704"
705,0.632396699049502,"Text entry 705"
706,1.85856705808599,"Text entry 706"
707,0.471842608000997,"Text entry 707"
708,-0.40869253959299,"Text entry 708"
709,1.94650694408232,"Text entry 709"
710,-1.87753867573436,"Text entry 710"
711,2.64539831491581,"Text entry 711"
712,2.63690003268203,"Text entry 712"
713,-1.09664769571912,"Text entry 713"
714,0.63276782179988,"Text entry 714"
715,-0.350854864471552,"Text entry 715"
716,1.09730491074069,"Text entry 716"
717,-0.677638477768494,"Text entry 717"
718,-0.123883304680413,"Text entry 718"
719,-1.5819079577286,"Text entry 719"
720,-0.93051633499258,"Text entry 720"
721,-0.812204827440906,"Text entry 721"
722,-1.17472787410182,"Text entry 722"
723,1.39050571449784,"Text entry 723"
724,-0.901625172974551,"Text entry 724"
725,0.137045239514349,"Text entry 725"
726,-1.10410104151905,"Text entry 726"
727,0.914480340460109,"Text entry 727"
728,0.600481199501195,"Text entry 728"
729,-1.00110652215141,"Text entry 729"
730,0.242173612313723,"Text entry 730"
731,-0.644766377344448,"Text entry 731"
732,-2.73884406014349,"Text entry 732"
733,-1.03068518416912,"Text entry 733"
734,-0.854453545542508,"Text entry 734"
735,0.441093088034415,"Text entry 735"
736,-0.0873904621578244,"Text entry 736"
737,0.306745032650432,"Text entry 737"
738,-1.44939644939746,"Text entry 738"
739,-0.537767428332058,"Text entry 739"
740,-0.0916708886468284,"Text entry 740"
741,-0.795080106892798,"Text entry 741"
742,-1.88485941196807,"Text entry 742"
743,-1.67814752322339,"Text entry 743"
744,1.62159513808044,"Text entry 744"
745,0.223512512635625,"Text entry 745"
746,-1.22612253135704,"Text entry 746"
747,0.857818061375744,"Text entry 747"
748,-0.117101553947411,"Text entry 748"
749,0.104995085896692,"Text entry 749"
750,-1.51377843320098,"Text entry 750"
751,2.90459065986768,"Text entry 751"
752,0.158737808614465,"Text entry 752"
753,-0.706521546309168,"Text entry 753"
754,1.37589897539564,"Text entry 754"
755,-0.682177689515772,"Text entry 755"
756,0.125277988405369,"Text entry 756"
757,1.13362283116297,"Text entry 757"
758,-0.0612911617462464,"Text entry 758"
759,-0.927466503647498,"Text entry 759"
760,0.148800955123681,"Text entry 760"
761,-0.402094630422175,"Text entry 761"
762,-0.960019855831263,"Text entry 762"
763,1.23815332134722,"Text entry 763"
764,0.780419006765921,"Text entry 764"
765,1.82358972163194,"Text entry 765"
766,0.231164829476105,"Text entry 766"
767,-0.291135868671409,"Text entry 767"
768,0.362277053090457,"Text entry 768"
769,-1.42636625135154,"Text entry 769"
770,-0.56480949020148,"Text entry 770"
771,-0.14255601778447,"Text entry 771"
772,0.738266458597382,"Text entry 772"
773,1.51297358850508,"Text entry 773"
774,-0.0400115179781574,"Text entry 774"
775,0.464781995804126,"Text entry 775"
776,0.772717116329478,"Text entry 776"
777,-0.213829401746009,"Text entry 777"
778,-0.600998826679777,"Text entry 778"
779,-0.547994023097337,"Text entry 779"
780,-0.48118335501571,"Text entry 780"
781,-1.89528858949778,"Text entry 781"
782,-0.437435849398392,"Text entry 782"
783,-0.742652063653578,"Text entry 783"
784,-0.0521872843303337,"Text entry 784"
785,1.58777331712849,"Text entry 785"
786,-1.79867027966463,"Text entry 786"
787,-0.263535017611184,"Text entry 787"
788,-0.82782569842742,"Text entry 788"
789,1.30740576922519,"Text entry 789"
790,-0.716687969546903,"Text entry 790"
791,-0.761142443708818,"Text entry 791"
792,-0.111611938995339,"Text entry 792"
793,-0.926048541214719,"Text entry 793"
794,-0.776840526203645,"Text entry 794"
795,-0.885598922954669,"Text entry 795"
796,-0.198294703740842,"Text entry 796"
797,0.719309598326955,"Text entry 797"
798,0.302956731044953,"Text entry 798"
799,-0.302234221066097,"Text entry 799"
800,1.04561222774396,"Text entry 800"
801,1.82865667157438,"Text entry 801"
802,-0.234458524217405,"Text entry 802"
803,0.762847638624699,"Text entry 803"
804,0.428627781072634,"Text entry 804"
805,0.131866927288858,"Text entry 805"
806,-2.6638828084104,"Text entry 806"
807,0.399635610178563,"Text entry 807"
808,1.14367153332447,"Text entry 808"
809,-0.509614077623544,"Text entry 809"
810,0.482288230203778,"Text entry 810"
811,0.617914925205436,"Text entry 811"
812,0.902148073802155,"Text entry 812"
813,-0.884517824259431,"Text entry 813"
814,1.65287862347635,"Text entry 814"
815,0.644666028688264,"Text entry 815"
816,1.00822579546337,"Text entry 816"
817,0.409033676860317,"Text entry 817"
818,-0.114014079662502,"Text entry 818"
819,0.478936541335361,"Text entry 819"
820,-1.24495033392722,"Text entry 820"
821,-0.0623477374832871,"Text entry 821"
822,0.108202000124543,"Text entry 822"
823,2.01071795216683,"Text entry 823"
824,-1.68359719996576,"Text entry 824"
825,-0.518904418899754,"Text entry 825"
826,0.773484938311179,"Text entry 826"
827,0.373998840070792,"Text entry 827"
828,0.442975695152532,"Text entry 828"
829,-1.61384727957951,"Text entry 829"
830,-0.345215784261219,"Text entry 830"
831,-0.985030902277879,"Text entry 831"
832,-0.534187442865842,"Text entry 832"
833,-0.374647545598263,"Text entry 833"
834,0.601672792247754,"Text entry 834"
835,-0.0754143735436666,"Text entry 835"
836,1.18542134925076,"Text entry 836"
837,-1.06259538030518,"Text entry 837"
838,0.458830025839481,"Text entry 838"
839,-0.389204382792445,"Text entry 839"
840,0.658314063847594,"Text entry 840"
841,-0.686569276727973,"Text entry 841"
842,0.413382098621071,"Text entry 842"
843,0.679367015089826,"Text entry 843"
844,-0.915702684842936,"Text entry 844"
845,1.01934666945165,"Text entry 845"
846,0.780608754242086,"Text entry 846"
847,-1.11101943468284,"Text entry 847"
848,1.07358768967526,"Text entry 848"
849,-1.05879047676286,"Text entry 849"
850,1.0676012996726,"Text entry 850"
851,-0.424930887040928,"Text entry 851"
852,-1.33254023548883,"Text entry 852"
853,2.33987867216647,"Text entry 853"
854,-0.336089687962182,"Text entry 854"
855,0.889914852776585,"Text entry 855"
856,-0.0910464235247361,"Text entry 856"
857,-1.39956583146118,"Text entry 857"
858,0.975835560635004,"Text entry 858"
859,0.620076384073505,"Text entry 859"
860,0.10076112830631,"Text entry 860"
861,-0.177897050018255,"Text entry 861"
862,1.3735778408236,"Text entry 862"
863,0.453382679846668,"Text entry 863"
864,-0.648291746937586,"Text entry 864"
865,0.0782070630637827,"Text entry 865"
866,0.00034670405033212,"Text entry 866"
867,-1.63541458410128,"Text entry 867"
868,0.39391236098623,"Text entry 868"
869,-0.489095149175764,"Text entry 869"
870,-1.27037013452595,"Text entry 870"
871,-0.455775584328242,"Text entry 871"
872,-1.68644091793176,"Text entry 872"
873,-0.706307554629265,"Text entry 873"
874,0.753174148850062,"Text entry 874"
875,0.679913647016759,"Text entry 875"
876,-0.40761532894811,"Text entry 876"
877,-0.976615263533262,"Text entry 877"
878,-0.0597738718792726,"Text entry 878"
879,0.106242202829638,"Text entry 879"
880,-0.305049247906216,"Text entry 880"
881,-0.179478657329345,"Text entry 881"
882,0.061863446248706,"Text entry 882"
883,-0.473303815883702,"Text entry 883"
884,0.212479116293505,"Text entry 884"
885,1.34805119626339,"Text entry 885"
886,0.129771704359217,"Text entry 886"
887,0.049217353648471,"Text entry 887"
888,-0.384877758784575,"Text entry 888"
889,1.04927627598032,"Text entry 889"
890,-1.32690394554794,"Text entry 890"
891,0.679011778853476,"Text entry 891"
892,-2.23709078034251,"Text entry 892"
893,-1.04041205653386,"Text entry 893"
894,-0.781633457358359,"Text entry 894"
895,-1.63500856912232,"Text entry 895"
896,-1.39982429660938,"Text entry 896"
897,-0.966387305358131,"Text entry 897"
898,1.09055625190928,"Text entry 898"
899,-1.15292460449927,"Text entry 899"
900,-0.601516023425531,"Text entry 900"
901,-2.4532224101011,"Text entry 901"
902,0.906758386820976,"Text entry 902"
903,-1.46314017362707,"Text entry 903"
904,-0.422535571898531,"Text entry 904"
905,0.41746619012145,"Text entry 905"
906,-0.873276463005406,"Text entry 906"
907,-0.141448865445856,"Text entry 907"
908,-0.455277872011571,"Text entry 908"
909,-0.0178914487265049,"Text entry 909"
910,-0.256224249729245,"Text entry 910"
911,0.151480618335564,"Text entry 911"
912,0.797275083234921,"Text entry 912"
913,-0.759932766024684,"Text entry 913"
914,-1.05365761662021,"Text entry 914"
915,-0.044240051131936,"Text entry 915"
916,1.20527335589125,"Text entry 916"
917,0.813086102371682,"Text entry 917"
918,0.613190075579033,"Text entry 918"
919,0.10281018932182,"Text entry 919"
920,-0.856886189010515,"Text entry 920"
921,0.560659073412652,"Text entry 921"
922,-0.736210273484923,"Text entry 922"
923,0.142122351260629,"Text entry 923"
924,-1.43106913841501,"Text entry 924"
925,0.167589983678799,"Text entry 925"
926,-0.419240192406439,"Text entry 926"
927,0.258772389774854,"Text entry 927"
928,1.23065228495808,"Text entry 928"
929,0.75015247566092,"Text entry 929"
930,1.83653881569305,"Text entry 930"
931,-0.533042086258089,"Text entry 931"
932,0.288445204350711,"Text entry 932"
933,2.09261514393745,"Text entry 933"
934,0.507202862872696,"Text entry 934"
935,-1.02281695447148,"Text entry 935"
936,-0.51029926012113,"Text entry 936"
937,-0.954535900241659,"Text entry 937"
938,-0.540485353902159,"Text entry 938"
939,1.69645274366082,"Text entry 939"
940,-0.958431556864091,"Text entry 940"
941,-0.50672094269055,"Text entry 941"
942,-0.0765774160083757,"Text entry 942"
943,0.174062550854019,"Text entry 943"
944,0.822522574583621,"Text entry 944"
945,-0.21818443686631,"Text entry 945"
946,-0.108261419914399,"Text entry 946"
947,0.485126802551096,"Text entry 947"
948,-0.352164801985389,"Text entry 948"
949,-0.151034512027582,"Text entry 949"
950,0.923792688465347,"Text entry 950"
951,1.05429782760971,"Text entry 951"
952,1.9014698961271,"Text entry 952"
953,1.6884429902815,"Text entry 953"
954,0.746421636975139,"Text entry 954"
955,0.512227214549469,"Text entry 955"
956,1.56681059558688,"Text entry 956"
957,-0.308957370861085,"Text entry 957"
958,-0.198143110190373,"Text entry 958"
959,-0.650147009635757,"Text entry 959"
960,0.261153071797633,"Text entry 960"
961,0.945519645132449,"Text entry 961"
962,1.9642344163728,"Text entry 962"
963,0.327939806473975,"Text entry 963"
964,-1.33826172776055,"Text entry 964"
965,-0.935175072079827,"Text entry 965"
966,-1.06531697934375,"Text entry 966"
967,-0.956507080750665,"Text entry 967"
968,-1.17479599588765,"Text entry 968"
969,-1.51409047835098,"Text entry 969"
970,-1.2805768302671,"Text entry 970"
971,0.0194392237617667,"Text entry 971"
972,0.20016077324418,"Text entry 972"
973,1.53682680049711,"Text entry 973"
974,0.739706733979432,"Text entry 974"
975,2.54124204387596,"Text entry 975"
976,-0.281748803257292,"Text entry 976"
977,-1.09830342399587,"Text entry 977"
978,2.35306802340136,"Text entry 978"
979,-0.36093792456723,"Text entry 979"
980,-0.0204685271514739,"Text entry 980"
981,-0.225927655183867,"Text entry 981"
982,0.618211445863738,"Text entry 982"
983,-0.644517080691006,"Text entry 983"
984,0.737212955246376,"Text entry 984"
985,0.223168158682768,"Text entry 985"
986,-0.229999359588674,"Text entry 986"
987,0.739212354312857,"Text entry 987"
988,0.507655150007074,"Text entry 988"
989,0.877602647589278,"Text entry 989"
990,-0.570705786645186,"Text entry 990"
991,0.992681296100378,"Text entry 991"
992,1.16105846949123,"Text entry 992"
993,1.33348870067045,"Text entry 993"
994,0.00783840156038966,"Text entry 994"
995,1.5483720220944,"Text entry 995"
996,0.250261532535749,"Text entry 996"
997,0.819771816093308,"Text entry 997"
998,0.828251076372767,"Text entry 998"
999,0.534687474283038,"Text entry 999"
1000,-0.189605090494689,"Text entry 1000"
